id_idescat,ine_code,nom,poblacio,lat,lon,comarca
430666,43066,Els Garidells,190,41.20745,1.24755,Alt Camp
431191,43119,Puigpelat,1163,41.27796,1.29813,Alt Camp
430108,43010,Alió,458,41.2986,1.30355,Alt Camp
431135,43113,El Pont D'Armentera,488,41.383,1.36287,Alt Camp
431080,43108,El Pla De Santa Maria,2348,41.36538,1.28872,Alt Camp
430982,43098,Nulles,509,41.24911,1.29693,Alt Camp
430897,43089,Montferri,403,41.26558,1.36531,Alt Camp
430363,43036,Cabra del Camp,1175,41.3954,1.27586,Alt Camp
430918,43091,Mont-ral,168,41.28702,1.09811,Alt Camp
430831,43083,El Milà,190,41.24852,1.20643,Alt Camp
430803,43080,La Masó,280,41.23461,1.22117,Alt Camp
431606,43160,Vallmoll,1774,41.24461,1.2488,Alt Camp
431704,43170,Vila-rodona,1276,41.31102,1.3581,Alt Camp
431652,43165,Vilabella,729,41.24807,1.33246,Alt Camp
430056,43005,Alcover,5144,41.26248,1.17098,Alt Camp
430593,43059,Figuerola del Camp,329,41.37141,1.26534,Alt Camp
431613,43161,Valls,24477,41.28544,1.24946,Alt Camp
431205,43120,Querol,518,41.42372,1.39788,Alt Camp
430347,43034,Bràfim,695,41.26931,1.3409,Alt Camp
431248,43124,La Riba,585,41.31789,1.17704,Alt Camp
430017,43001,Aiguamúrcia,930,41.32962,1.35868,Alt Camp
431346,43134,El Rourell,372,41.2236,1.21754,Alt Camp
431325,43132,Rodonyà,494,41.2774,1.4,Alt Camp
170470,17047,Castelló d'Empúries,111,42.25565,3.07505,Alt Empordà
171208,17120,Palau-saverdera,1456,42.30748,3.14737,Alt Empordà
170144,17014,La Vajol,89,42.40368,2.80008,Alt Empordà
171518,17151,Riumors,246,42.22747,3.04197,Alt Empordà
171788,17178,Sant Pere Pescador,209,42.18975,3.09269,Alt Empordà
170412,17041,Cantallops,309,42.42211,2.92548,Alt Empordà
171766,17176,Sant Mori,166,42.15515,2.99037,Alt Empordà
170160,17016,Bàscara,1001,42.15812,2.91073,Alt Empordà
171194,17119,Palau de Santa Eulàlia,90,42.17743,2.96959,Alt Empordà
171289,17128,Pau,557,41.38768,2.17186,Alt Empordà
171292,17129,Pedret i Marzà,191,42.30853,3.07265,Alt Empordà
171753,17175,Sant Miquel de Fluvià,761,42.1758,2.99068,Alt Empordà
170427,17042,Capmany,611,42.36641,2.92758,Alt Empordà
171024,17102,Maçanet de Cabrenys,698,42.38138,2.71827,Alt Empordà
171002,17100,Masarac,288,42.35081,2.97287,Alt Empordà
171061,17106,Mollet de Peralada,198,42.35993,3.00037,Alt Empordà
171984,17198,Torroella de Fluvià,703,42.17527,3.03972,Alt Empordà
170329,17032,Cadaqués,2695,42.28876,3.27797,Alt Empordà
171962,17196,Terrades,338,42.30994,2.83808,Alt Empordà
170524,17052,Siurana,171,41.25811,0.93236,Alt Empordà
171117,17111,Navata,1427,42.22409,2.86145,Alt Empordà
170031,17003,Albanyà,155,42.30479,2.72045,Alt Empordà
170293,17029,Boadella i les Escaules,272,42.33044,2.85651,Alt Empordà
171886,17188,La Selva De Mar,195,42.32417,3.18707,Alt Empordà
172348,17234,Biure,241,42.33803,2.89544,Alt Empordà
170059,17005,El Far D'Empordà,602,42.25209,2.99568,Alt Empordà
170314,17031,Cabanelles,267,42.23035,2.82001,Alt Empordà
171870,17187,Camallera I Llampaies Saus,856,42.12032,2.96695,Alt Empordà
171156,17115,Ordis,361,42.21468,2.89263,Alt Empordà
170307,17030,Cabanes,968,42.31053,2.97318,Alt Empordà
171432,17143,Rabós,184,42.40261,3.0476,Alt Empordà
172214,17221,Vilafant,5421,42.25284,2.94257,Alt Empordà
171827,17182,Santa Llogaia d'Àlguema,368,42.23351,2.95194,Alt Empordà
172109,17210,Ventalló,846,42.14895,3.02695,Alt Empordà
171523,17152,Roses,19807,42.26052,3.2081,Alt Empordà
171328,17132,Peralada,1898,42.30835,3.00944,Alt Empordà
170123,17012,Avinyonet de Puigventós,1641,42.25361,2.9126,Alt Empordà
170643,17064,Espolla,412,42.39095,3.00069,Alt Empordà
171582,17158,Sant Climent Sescebes,707,42.36877,2.98119,Alt Empordà
170741,17074,Fortià,787,42.24065,3.03259,Alt Empordà
170600,17060,Darnius,537,42.36693,2.8334,Alt Empordà
170754,17075,Garrigàs,451,42.19277,2.95444,Alt Empordà
170773,17077,Garriguella,853,42.3431,3.06764,Alt Empordà
170622,17062,L' Escala,10244,42.11985,3.12277,Alt Empordà
171387,17138,Portbou,1063,42.4272,3.15977,Alt Empordà
171404,17140,El Port De La Selva,958,42.33873,3.20496,Alt Empordà
171365,17136,Pontós,260,42.18965,2.90761,Alt Empordà
170669,17066,Figueres,47235,42.26551,2.9581,Alt Empordà
172229,17222,Vilaür,158,42.14373,2.95475,Alt Empordà
172288,17228,Vilanant,386,42.25512,2.8892,Alt Empordà
172305,17230,Vila-sacra,758,42.2654,3.01821,Alt Empordà
172272,17227,Vilamaniscle,212,42.37537,3.06732,Alt Empordà
171352,17135,Pont de Molins,516,42.31439,2.93039,Alt Empordà
170268,17026,Borrassà,733,42.21367,2.93258,Alt Empordà
170926,17092,Llançà,4775,42.36159,3.14503,Alt Empordà
172142,17214,Vilabertran,993,42.28263,2.98131,Alt Empordà
170545,17054,Colera,445,42.40408,3.15224,Alt Empordà
172235,17223,Vilajuïga,1116,42.32581,3.09332,Alt Empordà
170118,17011,L' Armentera,951,42.17176,3.0739,Alt Empordà
170887,17088,Lladó,844,42.24804,2.81471,Alt Empordà
170865,17086,La Jonquera,332,42.41813,2.87392,Alt Empordà
170010,17001,Agullana,863,42.39365,2.84587,Alt Empordà
171714,17171,Sant Llorenç de la Muga,265,42.32253,2.78856,Alt Empordà
172253,17225,Vilamacolum,377,42.19634,3.05708,Alt Empordà
172266,17226,Vilamalla,1161,42.22251,2.97256,Alt Empordà
170932,17093,Llers,1237,42.29388,2.91141,Alt Empordà
170519,17051,Cistella,282,42.26846,2.84805,Alt Empordà
172174,17217,Viladamat,458,42.13288,3.07453,Alt Empordà
80581,08058,Castellet i la Gornal,2382,41.25354,1.5925,Alt Penedès
80850,08085,Font-rubí,1414,41.4347,1.59107,Alt Penedès
81228,08122,Mediona,2369,41.47981,1.62751,Alt Penedès
82877,08287,Torrelavit,1422,41.44646,1.73005,Alt Penedès
83041,08304,Vilobí del Penedès,1102,41.38881,1.66212,Alt Penedès
80919,08091,Gelida,767,41.43991,1.8672,Alt Penedès
82883,08288,Torrelles de Foix,2398,41.38831,1.56872,Alt Penedès
83054,08305,Vilafranca del Penedès,40154,41.34613,1.69794,Alt Penedès
80654,08065,Castellví de la Marca,1575,41.33248,1.59359,Alt Penedès
80945,08094,La Granada,2208,41.37583,1.72225,Alt Penedès
80272,08027,Les Cabanyes,979,41.37194,1.68883,Alt Penedès
82270,08227,Sant Martí Sarroca,3261,41.38583,1.61161,Alt Penedès
81688,08168,Pontons,528,41.41628,1.51602,Alt Penedès
82401,08240,Sant Sadurní d'Anoia,12841,41.42618,1.78675,Alt Penedès
82227,08222,Sant Llorenç d'Hortons,2428,41.466,1.82306,Alt Penedès
82325,08232,Sant Pere de Riudebitlles,238,41.4505,1.7044,Alt Penedès
82068,08206,Sant Cugat Sesgarrigues,1009,41.36347,1.75327,Alt Penedès
81748,08174,Puigdàlber,524,41.40437,1.70071,Alt Penedès
82362,08236,Sant Quintí de Mediona,2317,41.46287,1.66356,Alt Penedès
81542,08154,Pacs del Penedès,918,41.36059,1.67273,Alt Penedès
82515,08251,Santa Margarida i els Monjos,7676,41.31407,1.66149,Alt Penedès
82495,08249,Santa Fe del Penedès,367,41.38493,1.72073,Alt Penedès
80137,08013,Avinyonet del Penedès,1697,41.35475,1.78581,Alt Penedès
81640,08164,El Pla Del Penedès,1275,41.41792,1.71192,Alt Penedès
82732,08273,Subirats,3104,41.41598,1.81665,Alt Penedès
81458,08145,Olèrdola,3768,41.31816,1.72469,Alt Penedès
81461,08146,Olesa de Bonesvalls,184,41.35024,1.84896,Alt Penedès
251556,25155,Organyà,771,42.21195,1.32781,Alt Urgell
250447,25044,Bassella,217,42.01691,1.29588,Alt Urgell
259062,25906,Les Valls D'Aguilar,245,42.28881,1.23136,Alt Urgell
252038,25203,La Seu D'Urgell,12206,42.35758,1.45555,Alt Urgell
250306,25030,El Pont De Bar,152,42.37204,1.60522,Alt Urgell
251497,25149,Oliana,1843,42.06697,1.31439,Alt Urgell
251403,25140,Montferrer i Castellbò,1034,42.36628,1.34692,Alt Urgell
259097,25909,La Vansa I Fórnols,149,42.24618,1.5015,Alt Urgell
252398,25239,Les Valls De Valira,784,42.4042,1.4628,Alt Urgell
250328,25032,Arsèguel,81,42.35005,1.58294,Alt Urgell
259084,25908,Fígols i Alinyà,244,42.19819,1.39517,Alt Urgell
251654,25165,Peramola,347,42.09096,1.26985,Alt Urgell
251850,25185,Ribera d'Urgellet,932,42.28659,1.42414,Alt Urgell
250714,25071,Cava,45,42.32529,1.60552,Alt Urgell
250058,25005,Alàs i Cerc,320,42.32449,1.54023,Alt Urgell
250616,25061,Cabó,93,42.23889,1.24714,Alt Urgell
259101,25910,Josa i Tuixén,103,42.25459,1.6081,Alt Urgell
250772,25077,Coll de Nargó,540,42.17382,1.3162,Alt Urgell
250886,25088,Estamariu,125,42.37316,1.52283,Alt Urgell
252458,25245,Vilaller,549,42.47697,0.71706,Alta Ribagorça
250432,25043,La Vall De Boí,1019,42.52249,0.83446,Alta Ribagorça
251734,25173,El Pont De Suert,2257,42.40792,0.73992,Alta Ribagorça
80608,08060,Castellfollit de Riubregós,162,41.77589,1.43794,Anoia
82286,08228,Sant Martí Sesgueioles,342,41.70185,1.49122,Anoia
82264,08226,Sant Martí de Tous,1228,41.56069,1.52351,Anoia
80082,08008,Argençola,219,41.59808,1.44377,Anoia
81629,08162,Els Hostalets De Pierola,298,41.53483,1.76854,Anoia
81192,08119,Masquefa,9402,41.5014,1.81416,Anoia
80636,08063,Castellolí,626,41.59802,1.69976,Anoia
80713,08071,Copons,321,41.36844,2.15357,Anoia
81043,08104,La Llacuna,903,41.47173,1.53236,Anoia
81038,08103,Jorba,833,41.60142,1.54689,Anoia
81022,08102,Igualada,40742,41.58478,1.62265,Anoia
82508,08250,Santa Margarida de Montbui,10225,41.55687,1.60303,Anoia
81653,08165,La Pobla De Claramunt,2185,41.55484,1.67557,Anoia
80253,08025,El Bruc,211,41.58059,1.7799,Anoia
80288,08028,Cabrera d'Anoia,1482,41.49361,1.71009,Anoia
81521,08152,Orpí,151,41.51866,1.57567,Anoia
80312,08031,Calaf,3656,41.73255,1.51354,Anoia
81764,08176,Pujalt,210,41.71673,1.42143,Anoia
81614,08161,Piera,16134,41.52175,1.75023,Anoia
83020,08302,Vilanova del Camí,12596,41.57028,1.63919,Anoia
80364,08036,Calonge de Segarra,188,41.76261,1.47761,Anoia
80214,08021,Bellprat,64,41.51706,1.4335,Anoia
82573,08257,Santa Maria de Miralles,119,41.49471,1.52673,Anoia
80446,08044,Capellades,5342,41.53096,1.68592,Anoia
81705,08170,Els Prats De Rei,537,41.70614,1.54326,Anoia
82922,08292,Vallbona d'Anoia,1357,41.51831,1.70756,Anoia
82861,08286,La Torre De Claramunt,3741,41.53491,1.6621,Anoia
81430,08143,Òdena,3668,41.60612,1.64182,Anoia
81859,08185,Rubió,239,41.64428,1.56976,Anoia
80484,08048,Carme,785,41.53183,1.62035,Anoia
82975,08297,Veciana,175,41.65595,1.48865,Anoia
81332,08133,Montmaneu,151,41.62586,1.41539,Anoia
81897,08189,Sant Pere Sallavinera,151,41.736,1.57494,Anoia
82747,08274,Súria,5948,41.83164,1.75375,Bages
80847,08084,Fonollosa,1459,41.7577,1.72469,Bages
80109,08010,Artés,5762,41.79635,1.95147,Bages
80023,08002,Aguilar de Segarra,282,41.73921,1.62751,Bages
81825,08182,El Pont De Vilomara I Rocafort,3907,41.70095,1.87083,Bages
80902,08090,Gaià,183,41.91643,1.92534,Bages
82129,08212,Sant Feliu Sasserra,605,41.94445,2.02075,Bages
81918,08191,Sallent,6735,41.82711,1.89223,Bages
81136,08113,Manresa,78245,41.72928,1.82252,Bages
81398,08139,Mura,220,41.69984,1.97684,Bages
81271,08127,Monistrol de Montserrat,3139,41.61078,1.84342,Bages
80983,08098,Sant Salvador de Guardiola,3221,41.6796,1.76575,Bages
80386,08038,Callús,2129,41.78229,1.78371,Bages
82135,08213,Sant Fruitós de Bages,8837,41.75093,1.87462,Bages
82188,08218,Sant Joan de Vilatorrada,10998,41.74281,1.8038,Bages
81419,08141,Navàs,6018,41.90005,1.8784,Bages
81402,08140,Navarcles,6057,41.74972,1.91481,Bages
82423,08242,Marganell,266,41.6405,1.79031,Bages
81923,08192,Santpedor,7604,41.78455,1.83793,Bages
80180,08018,Balsareny,3192,41.86346,1.87452,Bages
81786,08178,Rajadell,534,41.72843,1.70614,Bages
80620,08062,Castellnou de Bages,1437,41.83434,1.83679,Bages
82628,08262,Sant Vicenç de Castellet,9767,41.66816,1.86463,Bages
82299,08229,Sant Mateu de Bages,608,41.79672,1.73274,Bages
80538,08053,Castellbell i el Vilar,3719,41.6291,1.86415,Bages
80121,08012,Avinyó,2289,41.3811,2.17623,Bages
82779,08277,Talamanca,209,41.73684,1.97775,Bages
80478,08047,Cardona,4639,41.91361,1.67971,Bages
80594,08059,Castellfollit del Boix,447,41.66587,1.68427,Bages
80615,08061,Castellgalí,2119,41.67472,1.84353,Bages
431166,43116,Prades,588,41.30671,0.99163,Baix Camp
430884,43088,Montbrió del Camp,2909,41.12193,1.00478,Baix Camp
430574,43057,La Febró,40,41.27759,1.00433,Baix Camp
430385,43038,Cambrils,34734,41.06668,1.06036,Baix Camp
431671,43167,Vilanova d'Escornalbou,565,41.11353,0.93697,Baix Camp
431690,43169,Vilaplana,555,41.24614,1.02989,Baix Camp
430810,43081,Maspujols,823,41.18162,1.04515,Baix Camp
431785,43178,Vinyols i els Arcs,2124,41.11365,1.04064,Baix Camp
431286,43128,Riudecols,1189,41.1683,0.97656,Baix Camp
431188,43118,Pratdip,726,41.05093,0.87139,Baix Camp
431270,43127,Riudecanyes,1146,41.12921,0.96236,Baix Camp
430173,43017,L' Argentera,117,41.13751,0.90894,Baix Camp
430537,43053,Duesaigües,244,41.14583,0.93012,Baix Camp
430094,43009,Alforja,1783,41.20661,0.9534,Baix Camp
430923,43092,Mont-roig del Camp,1246,41.08655,0.96061,Baix Camp
430311,43031,Les Borges Del Camp,2056,41.17021,1.02092,Baix Camp
430458,43045,Colldejou,168,41.10161,0.87228,Baix Camp
431628,43162,Vandellòs i l'Hospitalet de l'Infant,6603,40.9909,0.92367,Baix Camp
430332,43033,Botarell,1077,41.13527,0.98983,Baix Camp
430038,43003,L' Albiol,500,41.25203,1.0896,Baix Camp
430424,43042,Castellvell del Camp,2828,41.18781,1.08975,Baix Camp
430075,43007,L' Aleixar,893,41.2011,1.04575,Baix Camp
431299,43129,Riudoms,6569,41.13874,1.05483,Baix Camp
431233,43123,Reus,106168,41.14983,1.10553,Baix Camp
430115,43011,Almoster,1341,41.20026,1.10173,Baix Camp
431457,43145,La Selva Del Camp,5683,41.20506,1.12571,Baix Camp
430154,43015,Arbolí,127,41.2426,0.94877,Baix Camp
430398,43039,Capafonts,111,41.29543,1.0272,Baix Camp
431021,43102,Paüls,545,40.92202,0.40015,Baix Ebre
430136,43013,L' Ametlla De Mar,6866,40.88394,0.79965,Baix Ebre
439060,43906,L' Ampolla,3277,40.81286,0.71421,Baix Ebre
431042,43104,El Perelló,2826,40.89598,0.69629,Baix Ebre
430521,43052,Xerta,1154,40.90841,0.48917,Baix Ebre
431554,43155,Tortosa,33439,40.81258,0.52144,Baix Ebre
439018,43901,Deltebre,11578,40.73381,0.73427,Baix Ebre
430081,43008,Alfara de Carles,376,40.84694,0.36542,Baix Ebre
430069,43006,Aldover,905,40.87994,0.49921,Baix Ebre
439044,43904,L' Aldea,4147,40.74557,0.61867,Baix Ebre
439039,43903,Camarles,3194,40.77093,0.669,Baix Ebre
430252,43025,Benifallet,723,40.97331,0.51692,Baix Ebre
431495,43149,Tivenys,902,40.9075,0.51126,Baix Ebre
431331,43133,Roquetes,8079,40.82094,0.50205,Baix Ebre
171910,17191,Serra de Daró,222,42.02761,3.07233,Baix Empordà
172039,17203,Ultramort,225,42.03758,3.03446,Baix Empordà
171175,17117,Palafrugell,23244,41.91791,3.16288,Baix Empordà
172044,17204,Ullà,1177,42.05044,3.10835,Baix Empordà
172327,17232,Vilopriu,204,42.10569,2.9935,Baix Empordà
170813,17081,Gualta,402,42.02639,3.10373,Baix Empordà
171978,17197,Torrent,164,41.95141,3.1328,Baix Empordà
171100,17110,Mont-ras,168,41.90812,3.15172,Baix Empordà
172095,17209,Vall-llobrega,897,41.88083,3.12897,Baix Empordà
172057,17205,Ullastret,274,41.99982,3.06844,Baix Empordà
170558,17055,Colomers,174,42.08452,2.98818,Baix Empordà
171959,17195,La Tallada D'Empordà,454,42.07892,3.05609,Baix Empordà
171241,17124,Pals,2395,41.97085,3.1472,Baix Empordà
170852,17085,Jafre,387,42.07281,3.01069,Baix Empordà
170139,17013,Begur,3891,41.95355,3.20256,Baix Empordà
172116,17211,Verges,1169,42.06271,3.0426,Baix Empordà
171215,17121,Palau-sator,310,41.98879,3.10988,Baix Empordà
170182,17018,Bellcaire d'Empordà,678,42.0792,3.09582,Baix Empordà
171609,17160,Sant Feliu de Guíxols,22097,41.78593,3.01257,Baix Empordà
170577,17057,Corçà,1268,41.98726,3.01444,Baix Empordà
171267,17126,Parlavà,391,42.02073,3.04009,Baix Empordà
170486,17048,Castell-Platja d'Aro,1103,41.81795,3.06686,Baix Empordà
171306,17130,La Pera,435,42.01507,2.97256,Baix Empordà
171181,17118,Palamós,18135,41.85025,3.12175,Baix Empordà
179026,17902,Forallac,1695,41.94768,3.08768,Baix Empordà
171997,17199,Torroella de Montgrí,11836,42.04191,3.12653,Baix Empordà
171812,17181,Santa Cristina d'Aro,5287,41.83128,2.98756,Baix Empordà
170708,17070,Fontanilles,146,42.00995,3.10804,Baix Empordà
170221,17022,La Bisbal D'Empordà,11159,41.95865,3.03979,Baix Empordà
170681,17068,Foixà,303,42.03998,2.99752,Baix Empordà
170767,17076,Garrigoles,167,42.10719,3.0304,Baix Empordà
170046,17004,Albons,759,42.10485,3.08392,Baix Empordà
171447,17144,Regencós,276,41.95216,3.16974,Baix Empordà
179011,17901,Monells I Sant Sadurní De L'Heura Cruïlles,127,41.95706,2.99223,Baix Empordà
171539,17153,Rupià,273,42.01403,3.01257,Baix Empordà
170340,17034,Calonge i Sant Antoni,11331,41.86379,3.07265,Baix Empordà
80734,08073,Cornellà de Llobregat,89936,41.35738,2.07072,Baix Llobregat
83015,08301,Viladecans,67197,41.3153,2.01332,Baix Llobregat
81141,08114,Martorell,28772,41.4795,1.92305,Baix Llobregat
82080,08208,Sant Esteve Sesrovires,7696,41.49778,1.86958,Baix Llobregat
82009,08200,Sant Boi de Llobregat,845,41.34584,2.03504,Baix Llobregat
80689,08068,Cervelló,9077,41.39631,1.95894,Baix Llobregat
81960,08196,Sant Andreu de la Barca,27569,41.44702,1.97283,Baix Llobregat
81574,08157,Pallejà,11622,41.42139,1.99728,Baix Llobregat
81234,08123,Molins de Rei,2594,41.41345,2.01824,Baix Llobregat
81691,08169,El Prat De Llobregat,65385,41.3246,2.09349,Baix Llobregat
80728,08072,Corbera de Llobregat,14882,41.41772,1.93262,Baix Llobregat
80667,08066,Castellví de Rosanes,1933,41.45002,1.89954,Baix Llobregat
81477,08147,Olesa de Montserrat,24144,41.54517,1.89134,Baix Llobregat
80569,08056,Castelldefels,6746,41.28002,1.97663,Baix Llobregat
82042,08204,Sant Climent de Llobregat,416,41.33759,1.99672,Baix Llobregat
82956,08295,Vallirana,15312,41.38486,1.93173,Baix Llobregat
80765,08076,Esparreguera,22302,41.54845,1.87218,Baix Llobregat
80207,08020,Begues,73,41.33097,1.92264,Baix Llobregat
80898,08089,Gavà,47057,41.30283,2.00193,Baix Llobregat
81580,08158,El Papiol,4172,41.43824,2.00995,Baix Llobregat
82896,08289,Torrelles de Llobregat,6073,41.35543,1.97935,Baix Llobregat
80771,08077,Esplugues de Llobregat,4715,41.37669,2.08581,Baix Llobregat
80692,08069,Collbató,4544,41.56445,1.81477,Baix Llobregat
82212,08221,Sant Just Desvern,1867,41.38333,2.06666,Baix Llobregat
82114,08211,Sant Feliu de Llobregat,45467,41.38467,2.04946,Baix Llobregat
89058,08905,La Palma De Cervelló,2992,41.41359,1.96904,Baix Llobregat
82634,08263,Sant Vicenç dels Horts,28268,41.38984,2.00359,Baix Llobregat
82172,08217,Sant Joan Despí,34267,41.36735,2.05668,Baix Llobregat
82444,08244,Santa Coloma de Cervelló,8268,41.36778,2.01765,Baix Llobregat
80018,08001,Abrera,12538,41.51753,1.90178,Baix Llobregat
430022,43002,Albinyana,2468,41.24498,1.48624,Baix Penedès
430167,43016,L' Arboç,5609,41.26599,1.60203,Baix Penedès
430206,43020,Banyeres del Penedès,3207,41.27945,1.58082,Baix Penedès
430901,43090,El Montmell,1582,41.34145,1.49182,Baix Penedès
431634,43163,El Vendrell,38373,41.21967,1.53431,Baix Penedès
430379,43037,Calafell,27601,41.19384,1.56646,Baix Penedès
430799,43079,Masllorenç,505,41.267,1.42897,Baix Penedès
430249,43024,Bellvei,2237,41.2398,1.57722,Baix Penedès
431378,43137,Sant Jaume dels Domenys,2624,41.29982,1.55901,Baix Penedès
430748,43074,Llorenç del Penedès,2395,41.28428,1.54871,Baix Penedès
430304,43030,Bonastre,685,41.22107,1.43995,Baix Penedès
430287,43028,La Bisbal Del Penedès,3631,41.27942,1.4888,Baix Penedès
430516,43051,Cunit,13533,41.19802,1.62803,Baix Penedès
431401,43140,Santa Oliva,3353,41.24543,1.54508,Baix Penedès
82457,08245,Santa Coloma de Gramenet,120443,41.44459,2.21032,Barcelonès
80193,08019,Barcelona,1664182,41.3874,2.16857,Barcelonès
80155,08015,Badalona,223166,41.44696,2.24496,Barcelonès
81944,08194,Sant Adrià de Besòs,37447,41.42668,2.22458,Barcelonès
81017,08101,L' Hospitalet De Llobregat,269382,41.36619,2.11649,Barcelonès
82554,08255,Santa Maria de Merlès,184,42.00384,1.97668,Berguedà
81666,08166,La Pobla De Lillet,1093,42.24456,1.97531,Berguedà
89030,08903,Sant Julià de Cerdanyola,229,42.22347,1.89191,Berguedà
80240,08024,Borredà,464,42.13476,1.99396,Berguedà
80116,08011,Avià,222,42.07821,1.82026,Berguedà
81770,08177,La Quar,49,42.0808,1.96164,Berguedà
81304,08130,Montclar,139,42.01811,1.76499,Berguedà
80168,08016,Bagà,214,42.25262,1.86171,Berguedà
81901,08190,Saldes,278,42.22901,1.73594,Berguedà
81326,08132,Montmajor,469,42.01913,1.73611,Berguedà
81424,08142,La Nou De Berguedà,162,42.16639,1.88441,Berguedà
82166,08216,Sant Jaume de Frontanyà,30,42.18717,2.02385,Berguedà
81445,08144,Olvan,858,42.05662,1.90546,Berguedà
81884,08188,Sagàs,145,42.03217,1.93924,Berguedà
81751,08175,Puig-reig,4295,41.97394,1.8791,Berguedà
83089,08308,Viver i Serrateix,172,41.95514,1.80259,Berguedà
80575,08057,Castell de l'Areny,67,42.17309,1.9452,Berguedà
80500,08050,Castellar del Riu,176,42.1207,1.76263,Berguedà
80497,08049,Casserres,1588,42.01208,1.84342,Berguedà
82994,08299,Vilada,419,42.13671,1.93374,Berguedà
80459,08045,Capolat,84,42.08315,1.7548,Berguedà
82687,08268,Cercs,115,42.14687,1.86019,Berguedà
80996,08099,Guardiola de Berguedà,941,42.2326,1.88001,Berguedà
82938,08293,Vallcebre,249,42.20355,1.81806,Berguedà
251001,25100,Gósol,206,42.23722,1.65967,Berguedà
80930,08093,Gisclareny,26,42.27173,1.7831,Berguedà
80522,08052,Castellar de n'Hug,156,42.28295,2.01722,Berguedà
80229,08022,Berga,1676,42.10126,1.84392,Berguedà
80787,08078,L' Espunyola,242,42.05357,1.77124,Berguedà
80804,08080,Fígols,43,42.18081,1.83663,Berguedà
80924,08092,Gironella,4946,42.03436,1.88184,Berguedà
259139,25913,Riu de Cerdanya,93,42.34511,1.82591,Cerdanya
170242,17024,Bolvir,375,42.418,1.87989,Cerdanya
251272,25127,Lles de Cerdanya,270,42.39099,1.68731,Cerdanya
170694,17069,Fontanals de Cerdanya,437,42.38766,1.91969,Cerdanya
250518,25051,Bellver de Cerdanya,2005,42.37286,1.77491,Cerdanya
170062,17006,Alp,1593,42.37284,1.88612,Cerdanya
170849,17084,Isòvol,281,42.3781,1.81766,Cerdanya
170828,17082,Guils de Cerdanya,549,42.44913,1.87879,Cerdanya
251752,25175,Prats i Sansor,222,42.36442,1.83671,Cerdanya
170617,17061,Das,234,42.35395,1.87574,Cerdanya
170947,17094,Llívia,1431,42.46339,1.9802,Cerdanya
170789,17078,Ger,449,42.4116,1.84586,Cerdanya
251790,25179,Prullans,226,42.37886,1.73867,Cerdanya
170998,17099,Meranges,100,42.44599,1.78706,Cerdanya
251399,25139,Montellà i Martinet,578,42.35984,1.6949,Cerdanya
172060,17206,Urús,196,42.35125,1.85317,Cerdanya
171411,17141,Puigcerdà,9486,42.43354,1.92912,Cerdanya
431726,43172,Vilaverd,443,41.33569,1.1767,Conca de Barberà
430862,43086,Montblanc,7379,41.37444,1.16157,Conca de Barberà
431016,43101,Passanant i Belltall,155,41.52501,1.20252,Conca de Barberà
431687,43168,Vilanova de Prades,107,41.34743,0.95728,Conca de Barberà
430213,43021,Barberà de la Conca,471,41.41095,1.22776,Conca de Barberà
430461,43046,Conesa,100,41.51811,1.29121,Conca de Barberà
431592,43159,Vallfogona de Riucorb,77,41.56304,1.23707,Conca de Barberà
431589,43158,Vallclara,88,41.37668,0.98057,Conca de Barberà
431055,43105,Les Piles,210,41.50379,1.3418,Conca de Barberà
431763,43176,Vimbodí i Poblet,890,41.40155,1.05312,Conca de Barberà
431074,43107,Pira,503,41.42341,1.20282,Conca de Barberà
431423,43142,Sarral,1538,41.44515,1.24759,Conca de Barberà
431418,43141,Pontils,122,41.47748,1.38718,Conca de Barberà
430614,43061,Forès,43,41.49248,1.23587,Conca de Barberà
430542,43054,L' Espluga De Francolí,3736,41.39718,1.10293,Conca de Barberà
431439,43143,Savallà del Comtat,53,41.54301,1.29904,Conca de Barberà
431303,43130,Rocafort de Queralt,211,41.47854,1.28128,Conca de Barberà
430290,43029,Blancafort,382,41.45054,1.1497,Conca de Barberà
431460,43146,Senan,44,41.47006,1.0875,Conca de Barberà
431476,43147,Solivella,632,41.45588,1.1779,Conca de Barberà
430733,43073,Llorac,91,41.5568,1.30731,Conca de Barberà
431397,43139,Santa Coloma de Queralt,2672,41.53222,1.38292,Conca de Barberà
82704,08270,Sitges,29553,41.23719,1.80589,Garraf
80749,08074,Cubelles,1577,41.2085,1.67279,Garraf
83073,08307,Vilanova i la Geltrú,67733,41.21515,1.72745,Garraf
82310,08231,Sant Pere de Ribes,31111,41.25968,1.77579,Garraf
80431,08043,Canyelles,4699,41.28293,1.72306,Garraf
81483,08148,Olivella,3935,41.31025,1.81142,Garraf
251804,25180,Puiggròs,278,41.56287,0.88182,Garrigues
250812,25081,L' Espluga Calba,329,41.49504,1.00418,Garrigues
250582,25058,Les Borges Blanques,6173,41.52237,0.87356,Garrigues
250292,25029,Arbeca,2126,41.54262,0.92347,Garrigues
251692,25169,La Pobla De Cérvoles,189,41.36697,0.91555,Garrigues
252069,25206,El Soleràs,332,41.41359,0.68027,Garrigues
250925,25092,La Floresta,140,41.44806,2.07564,Garrigues
251018,25101,La Granadella,716,41.35481,0.66604,Garrigues
252555,25255,Vinaixa,450,41.44716,0.97251,Garrigues
251057,25105,Granyena de les Garrigues,140,41.43286,0.64915,Garrigues
250674,25067,Castelldans,930,41.49749,0.76635,Garrigues
251538,25153,Els Omellons,206,41.50166,0.95997,Garrigues
252189,25218,Tarrés,102,41.42267,1.01943,Garrigues
250096,25009,L' Albi,744,41.42307,0.93609,Garrigues
252537,25253,El Vilosell,173,41.3826,0.94713,Garrigues
250061,25006,L' Albagés,361,41.44701,0.74081,Garrigues
250560,25056,Bovera,248,41.32613,0.63878,Garrigues
251706,25170,Bellaguarda,287,41.33683,0.73606,Garrigues
250766,25076,El Cogul,151,41.46734,0.68976,Garrigues
252249,25224,Els Torms,138,41.39425,0.72032,Garrigues
250978,25097,Fulleda,102,41.46329,1.02421,Garrigues
250735,25073,Cervià de les Garrigues,662,41.4274,0.86096,Garrigues
251193,25119,Juneda,3501,41.54707,0.82345,Garrigues
251180,25118,Juncosa,395,41.37072,0.77616,Garrigues
171096,17109,Montagut i Oix,930,42.27181,2.52853,Garrotxa
170101,17010,Argelaguer,396,42.2161,2.64157,Garrotxa
171851,17185,Sant Joan les Fonts,3044,42.21223,2.51142,Garrotxa
171833,17183,Sant Aniol de Finestres,345,42.08956,2.58901,Garrotxa
172076,17207,La Vall D'En Bas,3093,42.11164,2.44064,Garrotxa
171143,17114,Olot,35926,42.18221,2.48802,Garrotxa
172082,17208,La Vall De Bianya,1275,42.23009,2.44064,Garrotxa
172001,17200,Tortellà,818,42.23388,2.63195,Garrotxa
171334,17133,Les Planes D'Hostoles,1712,42.05639,2.53836,Garrotxa
171655,17165,Sant Jaume de Llierca,871,42.21106,2.6059,Garrotxa
171390,17139,Les Preses,1855,42.1464,2.45973,Garrotxa
171621,17162,Sant Ferriol,236,42.19775,2.66873,Garrotxa
170985,17098,Maià de Montcal,463,42.22135,2.74466,Garrotxa
170216,17021,Beuda,186,42.23732,2.70957,Garrotxa
170464,17046,Castellfollit de la Roca,947,42.21973,2.54889,Garrotxa
170195,17019,Besalú,2487,42.19934,2.7015,Garrotxa
171544,17154,Sales de Llierca,159,42.23569,2.65016,Garrotxa
171058,17105,Mieres,345,42.12407,2.63996,Garrotxa
171498,17149,Riudaura,481,42.18885,2.40856,Garrotxa
171616,17161,Sant Feliu de Pallerols,1437,42.07682,2.50865,Garrotxa
171848,17184,Santa Pau,1614,42.14719,2.57031,Garrotxa
170736,17073,Fornells de la Selva,267,41.93121,2.8116,Gironès
170209,17020,Bescanó,4991,41.96576,2.74003,Gironès
171576,17157,Sant Andreu Salou,160,41.87355,2.82558,Gironès
170675,17067,Flaçà,113,42.04501,2.96256,Gironès
170499,17049,Celrà,5561,42.01736,2.88265,Gironès
170448,17044,Cassà de la Selva,1041,41.88625,2.87517,Gironès
170025,17002,Aiguaviva,765,41.93766,2.76209,Gironès
170979,17097,Madremanya,288,41.99006,2.95725,Gironès
170255,17025,Bordils,1761,42.03886,2.91697,Gironès
171426,17142,Quart,3798,41.9378,2.84107,Gironès
171637,17163,Sant Gregori,3928,41.9894,2.76077,Gironès
171557,17155,Salt,32138,41.97006,2.79292,Gironès
171735,17173,Sant Martí Vell,251,42.02018,2.93074,Gironès
171693,17169,Sant Julià de Ramis,3576,42.02999,2.85381,Gironès
171680,17168,Sant Joan de Mollet,498,42.04616,2.94195,Gironès
171864,17186,Sarrià de Ter,5229,42.01173,2.81036,Gironès
171729,17172,Sant Martí de Llémena,641,42.03631,2.64716,Gironès
172155,17215,Vilablareix,3063,41.95256,2.79534,Gironès
170405,17040,Canet d'Adri,729,42.03277,2.73749,Gironès
172168,17216,Viladasens,206,42.0956,2.92977,Gironès
170904,17090,Llambilles,713,41.92134,2.85917,Gironès
170792,17079,Girona,103369,41.9794,2.82143,Gironès
170502,17050,Cervià de Ter,966,42.06677,2.90948,Gironès
170890,17089,Llagostera,8647,41.82655,2.89302,Gironès
170871,17087,Juià,319,42.01765,2.90792,Gironès
170388,17038,Campllong,537,41.8937,2.83192,Gironès
171668,17166,Sant Jordi Desvalls,760,42.07183,2.95319,Gironès
81976,08197,Sant Andreu de Llavaneres,11133,41.57547,2.48315,Maresme
82649,08264,Sant Vicenç de Montalt,6452,41.57937,2.51369,Maresme
80076,08007,Arenys de Munt,9121,41.60937,2.54084,Maresme
81189,08118,El Masnou,23831,41.48265,2.31147,Maresme
82359,08235,Sant Pol de Mar,5428,41.60394,2.62442,Maresme
81265,08126,Montgat,122,41.46847,2.28505,Maresme
81555,08155,Palafolls,9613,41.66845,2.75073,Maresme
80403,08040,Canet de Mar,14865,41.58897,2.58039,Maresme
80752,08075,Dosrius,5652,41.60551,2.43075,Maresme
80351,08035,Calella,19277,41.61343,2.65356,Maresme
80305,08030,Cabrils,7432,41.52473,2.3671,Maresme
81939,08193,Sant Iscle de Vallalta,1342,41.62529,2.56778,Maresme
82037,08203,Sant Cebrià de Vallalta,3438,41.6199,2.5997,Maresme
81213,08121,Mataró,129661,41.53811,2.44474,Maresme
81727,08172,Premià de Mar,28531,41.49466,2.35915,Maresme
80039,08003,Alella,9904,41.49197,2.29408,Maresme
81635,08163,Pineda de Mar,27984,41.62451,2.68276,Maresme
82819,08281,Teià,6427,41.49642,2.32182,Maresme
80060,08006,Arenys de Mar,15941,41.57971,2.55087,Maresme
82824,08282,Tiana,8945,41.47799,2.26783,Maresme
82303,08230,Premià de Dalt,10441,41.5049,2.34582,Maresme
80095,08009,Argentona,12536,41.55316,2.40085,Maresme
82845,08284,Tordera,17519,41.6972,2.71785,Maresme
82613,08261,Santa Susanna,3548,41.63999,2.71032,Maresme
81108,08110,Malgrat de Mar,18772,41.6455,2.74388,Maresme
82191,08219,Vilassar de Mar,21035,41.50408,2.39226,Maresme
81537,08153,Òrrius,758,41.55566,2.35477,Maresme
80327,08032,Caldes d'Estrac,3021,41.57169,2.52367,Maresme
80291,08029,Cabrera de Mar,4747,41.52805,2.393,Maresme
82140,08214,Vilassar de Dalt,9072,41.51322,2.36226,Maresme
431384,43138,Santa Bàrbara,3715,40.71222,0.48795,Montsià
430629,43062,Freginals,385,40.67221,0.52047,Montsià
430635,43063,La Galera,736,40.68184,0.46317,Montsià
431362,43136,Sant Carles de la Ràpita,14953,40.62792,0.62515,Montsià
430141,43014,Amposta,21115,40.7068,0.58017,Montsià
430688,43068,Godall,598,40.65467,0.4697,Montsià
439023,43902,Sant Jaume d'Enveja,3527,40.70597,0.72715,Montsià
430445,43044,La Sénia,564,40.63561,0.28431,Montsià
430043,43004,Alcanar,9434,40.54304,0.47674,Montsià
430786,43078,Masdenverge,1071,40.71527,0.5311,Montsià
431567,43156,Ulldecona,6525,40.59702,0.44434,Montsià
430770,43077,Mas de Barberans,564,40.73482,0.37388,Montsià
250621,25062,Camarasa,810,41.87454,0.87742,Noguera
252402,25240,Vallfogona de Balaguer,1906,41.75154,0.81631,Noguera
250791,25079,Cubells,338,41.85424,0.95758,Noguera
251348,25134,Menàrguens,813,41.73211,0.74496,Noguera
251728,25172,Ponts,2644,41.90365,1.1833,Noguera
250156,25015,Algerri,404,41.81483,0.63819,Noguera
250404,25040,Balaguer,17472,41.79193,0.80604,Noguera
250693,25069,Castelló de Farfanya,539,41.81742,0.72655,Noguera
251641,25164,Penelles,436,41.75722,0.96594,Noguera
250609,25060,Cabanabona,71,41.85086,1.21664,Noguera
250083,25008,Albesa,1561,41.75254,0.65952,Noguera
250946,25094,Foradada,203,41.87689,1.013,Noguera
250352,25035,La Sentiu De Sió,414,41.80517,0.87884,Noguera
251569,25156,Os de Balaguer,980,41.87334,0.72062,Noguera
250479,25047,Bellcaire d'Urgell,1199,41.75834,0.90447,Noguera
250498,25049,Bellmunt d'Urgell,185,41.77399,0.95197,Noguera
250426,25042,La Baronia De Rialb,229,42.01261,1.19291,Noguera
250220,25022,Alòs de Balaguer,132,41.91266,0.96007,Noguera
252311,25231,Torrelameu,735,41.70436,0.704,Noguera
251121,25112,Ivars de Noguera,332,41.84981,0.58654,Noguera
251386,25138,Montgai,643,41.79974,0.96079,Noguera
252496,25249,Vilanova de l'Aguda,200,41.91005,1.2521,Noguera
250024,25002,Àger,580,42.00079,0.76101,Noguera
250349,25034,Artesa de Segre,34,41.89566,1.04724,Noguera
251500,25150,Oliola,203,41.87613,1.1746,Noguera
251771,25177,Preixens,418,41.79391,1.05055,Noguera
252509,25250,Vilanova de Meià,415,41.99384,1.01972,Noguera
250371,25037,Les Avellanes I Santa Linya,433,41.93664,0.81036,Noguera
252228,25222,Tiurana,77,41.97567,1.25594,Noguera
252206,25220,Térmens,136,41.71707,0.7616,Noguera
82476,08247,Santa Eulàlia de Riuprimer,1383,41.91064,2.18863,Osona
81516,08151,Oristà,549,41.93254,2.06009,Osona
170638,17063,Espinelves,221,41.86979,2.41747,Osona
81509,08150,Orís,322,42.05762,2.2386,Osona
82652,08265,Sant Vicenç de Torelló,2058,42.0638,2.27227,Osona
82541,08254,L' Esquirol,2186,42.03484,2.37007,Osona
82460,08246,Santa Eugènia de Berga,2278,41.90134,2.28216,Osona
80673,08067,Centelles,7513,41.79738,2.22223,Osona
82439,08243,Santa Cecília de Voltregà,182,41.99366,2.2217,Osona
82536,08253,Santa Maria de Besora,161,42.1274,2.25842,Osona
81311,08131,Montesquiu,103,42.10954,2.2083,Osona
80832,08083,Folgueroles,2265,41.9401,2.31626,Osona
81167,08116,Les Masies De Roda,719,41.98588,2.31121,Osona
82690,08269,Seva,3544,41.83621,2.28397,Osona
82711,08271,Sobremunt,78,42.03571,2.16547,Osona
81290,08129,Muntanyola,632,41.87827,2.181,Osona
82726,08272,Sora,212,42.11199,2.16068,Osona
172121,17212,Vidrà,177,42.12391,2.31015,Osona
82750,08275,Tavèrnoles,322,41.95289,2.32555,Osona
82802,08280,Tavertet,105,41.99527,2.41778,Osona
83036,08303,Vilanova de Sau,312,41.94674,2.38414,Osona
81000,08100,Gurb,2713,41.94588,2.23935,Osona
81115,08111,Malla,272,41.89641,2.24381,Osona
81094,08109,Lluçà,276,42.05044,2.03604,Osona
172207,17220,Viladrau,1047,41.84778,2.39041,Osona
81496,08149,Olost,1202,41.93376,2.24728,Osona
82418,08241,Sant Sadurní d'Osormort,76,41.90109,2.38121,Osona
81173,08117,Les Masies De Voltregà,3132,42.01723,2.24445,Osona
82016,08201,Sant Boi de Lluçanès,580,42.05872,2.15055,Osona
82248,08224,Sant Martí de Centelles,1184,41.76006,2.24827,Osona
80174,08017,Balenyà,384,41.82401,2.20891,Osona
82251,08225,Sant Martí d'Albars,114,42.02844,2.07311,Osona
81712,08171,Prats de Lluçanès,2604,42.00707,2.03099,Osona
82981,08298,Vic,4763,41.93044,2.25443,Osona
82153,08215,Sant Hipòlit de Voltregà,354,42.01587,2.23817,Osona
81995,08199,Sant Bartomeu del Grau,884,41.98112,2.17503,Osona
81607,08160,Perafita,405,42.04278,2.10943,Osona
89019,08901,Rupit i Pruit,271,42.0245,2.46552,Osona
80370,08037,Calldetenes,2513,41.9251,2.2841,Osona
80044,08004,Alpens,261,42.11895,2.10146,Osona
81957,08195,Sant Agustí de Lluçanès,89,42.08558,2.12738,Osona
82785,08278,Taradell,664,41.87494,2.28642,Osona
80266,08026,El Brull,258,41.81681,2.30541,Osona
82331,08233,Sant Pere de Torelló,247,42.07635,2.29382,Osona
81120,08112,Manlleu,20912,42.00354,2.2852,Osona
81831,08183,Roda de Ter,649,41.98324,2.30984,Osona
82830,08283,Tona,8356,41.84964,2.2274,Osona
82378,08237,Sant Quirze de Besora,2154,42.1,2.22244,Osona
82205,08220,Sant Julià de Vilatorta,314,41.92463,2.32107,Osona
82858,08285,Torelló,144,42.04916,2.26266,Osona
252154,25215,Talarn,595,42.18616,0.9,Pallars Jussà
252022,25202,Senterada,139,42.32437,0.93659,Pallars Jussà
250019,25001,Abella de la Conca,183,42.16151,1.092,Pallars Jussà
252347,25234,Tremp,5911,42.16691,0.89493,Pallars Jussà
251902,25190,Salàs de Pallars,327,42.21305,0.93161,Pallars Jussà
251288,25128,Llimiana,146,42.07484,0.9167,Pallars Jussà
251615,25161,Conca de Dalt,410,42.21216,1.00119,Pallars Jussà
251961,25196,Sant Esteve de la Sarga,122,42.07979,0.76421,Pallars Jussà
259046,25904,Castell de Mur,173,42.10497,0.85646,Pallars Jussà
251713,25171,La Pobla De Segur,3043,42.24772,0.96758,Pallars Jussà
252017,25201,Sarroca de Bellera,116,42.36003,0.88092,Pallars Jussà
251155,25115,Isona i Conca Dellà,1042,42.11849,1.04659,Pallars Jussà
250984,25098,Gavet de la Conca,261,42.12286,0.92102,Pallars Jussà
252271,25227,La Torre De Cabdella,759,42.4219,0.98296,Pallars Jussà
252213,25221,Tírvia,134,42.51511,1.24489,Pallars Sobirà
251235,25123,Lladorre,237,42.62041,1.2497,Pallars Sobirà
259031,25903,La Guingueta D'Àneu,289,42.59455,1.13185,Pallars Sobirà
251266,25126,Llavorsí,346,42.49585,1.21003,Pallars Sobirà
250390,25039,Baix Pallars,331,42.3301,1.03946,Pallars Sobirà
250241,25024,Alt Àneu,414,42.683,1.07777,Pallars Sobirà
252094,25209,Sort,2154,42.43785,1.08736,Pallars Sobirà
250175,25017,Alins,272,42.54862,1.3177,Pallars Sobirà
259010,25901,Vall de Cardós,350,42.56244,1.2261,Pallars Sobirà
252081,25208,Soriguera,420,42.37041,1.18105,Pallars Sobirà
250827,25082,Espot,366,42.57583,1.08795,Pallars Sobirà
250864,25086,Esterri d'Àneu,804,42.62692,1.12271,Pallars Sobirà
250870,25087,Esterri de Cardós,64,42.59274,1.26173,Pallars Sobirà
251832,25183,Rialp,641,42.44292,1.1347,Pallars Sobirà
250899,25089,Farrera,108,42.49702,1.27195,Pallars Sobirà
251581,25158,El Palau D'Anglesola,2166,41.65015,0.88123,Pla d'Urgell
252521,25252,Vila-sana,734,41.66332,0.92828,Pla d'Urgell
252304,25230,Torregrossa,2179,41.58039,0.82926,Pla d'Urgell
250680,25068,Castellnou de Seana,665,41.64798,0.97043,Pla d'Urgell
251229,25122,Linyola,2717,41.71107,0.90208,Pla d'Urgell
251137,25113,Ivars d'Urgell,1537,41.68048,0.98804,Pla d'Urgell
251370,25137,Mollerussa,14649,41.62874,0.89418,Pla d'Urgell
250523,25052,Bellvís,226,41.67433,0.81869,Pla d'Urgell
250931,25093,Fondarella,776,41.63435,0.87409,Pla d'Urgell
250997,25099,Golmés,1855,41.63247,0.93225,Pla d'Urgell
251351,25135,Miralcamp,1385,41.60408,0.87824,Pla d'Urgell
252056,25205,Sidamon,748,41.62686,0.83297,Pla d'Urgell
250485,25048,Bell-lloc d'Urgell,2335,41.63034,0.77913,Pla d'Urgell
252483,25248,Vilanova de Bellpuig,1183,41.61339,0.96176,Pla d'Urgell
251689,25168,El Poal,670,41.67842,0.85619,Pla d'Urgell
250411,25041,Barbens,878,41.67759,1.01608,Pla d'Urgell
171740,17174,Sant Miquel de Campmajor,229,42.12515,2.68755,Pla de l'Estany
170157,17015,Banyoles,20053,42.11818,2.76515,Pla de l'Estany
172180,17218,Vilademuls,835,42.13864,2.88796,Pla de l'Estany
171903,17190,Serinyà,1133,42.16926,2.73319,Pla de l'Estany
170715,17071,Fontcoberta,1469,42.14228,2.79012,Pla de l'Estany
170656,17065,Esponellà,463,42.17795,2.7951,Pla de l'Estany
170353,17035,Camós,677,42.09415,2.76707,Pla de l'Estany
171236,17123,Palol de Revardit,448,42.06968,2.79554,Pla de l'Estany
170583,17058,Crespià,254,42.18804,2.79852,Pla de l'Estany
170561,17056,Cornellà del Terri,2399,42.08916,2.81601,Pla de l'Estany
171371,17137,Porqueres,4677,42.1202,2.74629,Pla de l'Estany
430751,43075,Margalef,106,41.28483,0.75343,Priorat
430764,43076,Marçà,600,41.12666,0.80262,Priorat
430496,43049,Cornudella de Montsant,944,41.26719,0.91521,Priorat
431732,43173,La Vilella Alta,133,41.22518,0.78092,Priorat
430705,43070,Els Guiamets,278,41.10151,0.75239,Priorat
430691,43069,Gratallops,237,41.19317,0.77676,Priorat
430271,43027,La Bisbal De Falset,211,41.28064,0.72255,Priorat
430350,43035,Cabacés,302,41.24846,0.72477,Priorat
430580,43058,La Figuera,114,41.21608,0.73101,Priorat
430555,43055,Falset,2735,41.1454,0.82047,Priorat
430402,43040,Capçanes,392,41.10068,0.78211,Priorat
430727,43072,El Lloar,105,41.18581,0.74883,Priorat
430234,43023,Bellmunt del Priorat,273,41.1637,0.76546,Priorat
431747,43174,La Vilella Baixa,204,41.22027,0.76309,Priorat
431140,43114,Porrera,424,41.1879,0.855,Priorat
430825,43082,El Masroig,492,41.12586,0.73249,Priorat
431129,43112,Poboleda,321,41.23446,0.84547,Priorat
431515,43151,La Torre De Fontaubella,131,41.12463,0.86483,Priorat
431153,43115,Pradell de la Teixeta,158,41.15663,0.87615,Priorat
431541,43154,Torroja del Priorat,152,41.21335,0.81095,Priorat
430859,43085,El Molar,291,41.16345,0.70548,Priorat
430960,43096,La Morera De Montsant,159,41.26493,0.8416,Priorat
431573,43157,Ulldemolins,398,41.32081,0.87645,Priorat
430672,43067,Ginestar,764,41.04179,0.63347,Ribera d'Ebre
431212,43121,Rasquera,783,41.00193,0.59851,Ribera d'Ebre
430939,43093,Móra d'Ebre,5695,41.08677,0.63819,Ribera d'Ebre
431779,43177,Vinebre,425,41.18485,0.58816,Ribera d'Ebre
431520,43152,La Torre De L'Espanyol,601,41.19163,0.62598,Ribera d'Ebre
431251,43125,Riba-roja d'Ebre,111,41.25122,0.48706,Ribera d'Ebre
430944,43094,Móra la Nova,3108,41.10433,0.65004,Ribera d'Ebre
430995,43099,La Palma D'Ebre,338,41.28333,0.66604,Ribera d'Ebre
430265,43026,Benissanet,114,41.05846,0.63404,Ribera d'Ebre
431508,43150,Tivissa,1619,41.04086,0.73309,Ribera d'Ebre
430653,43065,Garcia,527,41.13642,0.65063,Ribera d'Ebre
430846,43084,Miravet,706,41.04077,0.59985,Ribera d'Ebre
430607,43060,Flix,341,41.22811,0.54351,Ribera d'Ebre
430192,43019,Ascó,1644,41.18276,0.56716,Ribera d'Ebre
170372,17037,Campelles,140,42.29486,2.14165,Ripollès
171674,17167,Sant Joan de les Abadesses,3224,42.23413,2.28631,Ripollès
170806,17080,Gombrèn,192,42.24776,2.09073,Ripollès
170391,17039,Camprodon,2298,42.31367,2.36514,Ripollès
170366,17036,Campdevànol,3232,42.2263,2.1352,Ripollès
172240,17224,Vilallonga de Ter,398,42.33095,2.312,Ripollès
171349,17134,Planoles,304,42.31618,2.10392,Ripollès
171254,17125,Pardines,169,42.31257,2.21414,Ripollès
171479,17147,Ripoll,10803,42.19541,2.20399,Ripollès
171077,17107,Molló,336,42.34673,2.40499,Ripollès
170433,17043,Queralbs,188,42.39707,2.15377,Ripollès
170911,17091,Llanars,535,42.32053,2.34398,Ripollès
172018,17201,Toses,168,42.32661,2.03712,Ripollès
171925,17192,Setcases,170,42.3751,2.30183,Ripollès
171450,17145,Ribes de Freser,176,42.30575,2.16836,Ripollès
171707,17170,Vallfogona de Ripollès,196,42.19717,2.30503,Ripollès
170963,17096,Les Llosses,212,42.15048,2.11588,Ripollès
171772,17177,Sant Pau de Segúries,688,42.26304,2.36717,Ripollès
171122,17112,Ogassa,240,42.26598,2.2778,Ripollès
259118,25911,Els Plans De Sió,491,41.74442,1.20252,Segarra
252192,25219,Tarroja de Segarra,188,41.7315,1.27616,Segarra
252167,25216,Talavera,279,41.58189,1.33758,Segarra
251044,25104,Granyena de Segarra,151,41.62376,1.24639,Segarra
251522,25152,Les Oluges,171,41.69729,1.31995,Segarra
251039,25103,Granyanella,143,41.64801,1.22325,Segarra
250729,25072,Cervera,935,41.68384,1.27947,Segarra
251945,25194,Sant Ramon,487,41.72582,1.36441,Segarra
250851,25085,Estaràs,156,41.6975,1.39034,Segarra
252234,25223,Torà,1237,41.81054,1.40362,Segarra
251109,25110,Guissona,7248,41.78452,1.29031,Segarra
251431,25143,Montornès de Segarra,96,41.60116,1.23106,Segarra
250557,25055,Biosca,177,41.84183,1.35808,Segarra
251924,25192,Sant Guim de Freixenet,1037,41.65603,1.42052,Segarra
251142,25114,Ivorra,108,41.77204,1.39506,Segarra
251919,25191,Sanaüja,379,41.87561,1.30954,Segarra
251327,25132,Massoteres,212,41.79735,1.31018,Segarra
251977,25197,Sant Guim de la Plana,181,41.76268,1.32433,Segarra
251410,25141,Montoliu de Segarra,187,41.59013,1.27075,Segarra
259059,25905,Ribera d'Ondara,433,41.62359,1.318,Segarra
259078,25907,Torrefeta i Florejacs,607,41.76371,1.26022,Segarra
250143,25014,Alfés,297,41.52086,0.61923,Segrià
252043,25204,Seròs,1946,41.46366,0.41075,Segrià
251898,25189,Rosselló,3237,41.69384,0.59496,Segrià
250138,25013,Alfarràs,2765,41.83065,0.56875,Segrià
252000,25200,Sarroca de Lleida,358,41.45928,0.56065,Segrià
250169,25016,Alguaire,3029,41.73677,0.5849,Segrià
250208,25020,Almatret,305,41.3058,0.42371,Segrià
250215,25021,Almenar,3357,41.79705,0.56809,Segrià
250387,25038,Aitona,2567,41.49349,0.45908,Segrià
251826,25182,Puigverd de Lleida,1349,41.54336,0.73294,Segrià
251207,25120,Lleida,140403,41.61808,0.62688,Segrià
250334,25033,Artesa de Lleida,1535,41.55305,0.70337,Segrià
250365,25036,Aspa,220,41.49415,0.67432,Segrià
250077,25007,Albatàrrec,2236,41.57338,0.60739,Segrià
251749,25174,La Portella,743,41.73959,0.63996,Segrià
252108,25210,Soses,1761,41.53399,0.48681,Segrià
250045,25004,Els Alamús,811,41.61502,0.74021,Segrià
250539,25053,Benavent de Segrià,1518,41.6973,0.63285,Segrià
250100,25010,Alcanó,238,41.46956,0.62989,Segrià
250788,25078,Corbins,1462,41.68394,0.68205,Segrià
250122,25012,Alcoletge,3435,41.64764,0.69472,Segrià
251312,25131,Massalcoreig,610,41.45696,0.35954,Segrià
252332,25233,Torre-serona,398,41.67177,0.62937,Segrià
250236,25023,Alpicat,6266,41.66967,0.55415,Segrià
250194,25019,Almacelles,6826,41.72869,0.44198,Segrià
251253,25125,Llardecans,444,41.37421,0.55001,Segrià
252120,25212,Sunyer,343,41.52351,0.59082,Segrià
250117,25011,Alcarràs,9707,41.56325,0.52442,Segrià
252287,25228,Torrefarrera,4694,41.66383,0.60519,Segrià
251333,25133,Maials,909,41.36377,0.50334,Segrià
252265,25226,Torrebesses,267,41.42658,0.59378,Segrià
259123,25912,Gimenells i el Pla de la Font,112,41.66036,0.39367,Segrià
252326,25232,Torres de Segre,2366,41.53408,0.51417,Segrià
252516,25251,Vilanova de Segrià,985,41.71238,0.61679,Segrià
252542,25254,Vilanova de la Barca,1088,41.68988,0.72834,Segrià
251023,25102,La Granja D'Escarp,922,41.41881,0.35307,Segrià
251425,25142,Montoliu de Lleida,483,41.56099,0.58845,Segrià
252115,25211,Sudanell,840,41.5561,0.56716,Segrià
171595,17159,Sant Feliu de Buixalleu,797,41.79101,2.58576,Selva
170274,17027,Breda,3762,41.74971,2.55694,Selva
171169,17116,Osor,428,41.94552,2.55663,Selva
171485,17148,Riudarenes,2204,41.82664,2.71387,Selva
172333,17233,Vilobí d'Onyar,3333,41.8889,2.74128,Selva
171946,17194,Susqueda,93,42.04053,2.50529,Selva
171931,17193,Sils,6219,41.8109,2.74329,Selva
170834,17083,Hostalric,4291,41.74333,2.6277,Selva
170078,17007,Amer,2332,42.01042,2.6028,Selva
171899,17189,La Cellera De Ter,195,41.97384,2.62104,Selva
171642,17164,Sant Hilari Sacalm,5703,41.8784,2.51217,Selva
170950,17095,Lloret de Mar,39089,41.7006,2.83982,Selva
171030,17103,Maçanet de la Selva,7066,41.77683,2.7325,Selva
171805,17180,Santa Coloma de Farners,13363,41.86243,2.66509,Selva
179032,17903,Sant Julià del Llor i Bonmatí,1313,41.97336,2.65367,Selva
171501,17150,Riudellots de la Selva,2071,41.90101,2.80262,Selva
170280,17028,Brunyola i Sant Martí Sapresa,389,41.90452,2.68419,Selva
170237,17023,Blanes,39914,41.676,2.79023,Selva
170084,17008,Anglès,5654,41.93924,2.62885,Selva
170335,17033,Caldes de Malavella,7872,41.8358,2.80786,Selva
80826,08082,Fogars de la Selva,1469,41.72732,2.67862,Selva
171463,17146,Riells i Viabrea,4153,41.72767,2.54467,Selva
172137,17213,Vidreres,7951,41.79022,2.7776,Selva
172023,17202,Tossa de Mar,5818,41.7225,2.93037,Selva
171019,17101,Massanes,796,41.76529,2.65301,Selva
170097,17009,Arbúcies,6608,41.81658,2.51113,Selva
251484,25148,Odèn,258,42.13277,1.45479,Solsonès
251667,25166,Pinell de Solsonès,193,41.9708,1.40015,Solsonès
250642,25064,Castellar de la Ribera,131,42.02231,1.41554,Solsonès
251673,25167,Pinós,286,41.82725,1.5419,Solsonès
251863,25186,Riner,263,41.94135,1.56378,Solsonès
251930,25193,Sant Llorenç de Morunys,960,42.13582,1.58809,Solsonès
251116,25111,Guixers,132,42.13745,1.6423,Solsonès
250753,25075,Clariana de Cardener,161,41.93313,1.62614,Solsonès
251462,25146,Navès,284,42.04703,1.6178,Solsonès
251636,25163,La Coma I La Pedra,255,42.17594,1.5887,Solsonès
251240,25124,Lladurs,180,42.04439,1.50669,Solsonès
252075,25207,Solsona,9137,41.99395,1.51602,Solsonès
251364,25136,La Molsosa,104,41.78034,1.53055,Solsonès
251517,25151,Olius,981,42.01826,1.54992,Solsonès
251291,25129,Llobera,188,41.94976,1.47232,Solsonès
431227,43122,Renau,162,41.2254,1.31108,Tarragonès
430509,43050,Creixell,3758,41.1655,1.43598,Tarragonès
431665,43166,Vilallonga del Camp,2405,41.20936,1.19772,Tarragonès
431536,43153,Torredembarra,16567,41.1441,1.40095,Tarragonès
439076,43907,La Canonja,5956,41.1209,1.1803,Tarragonès
431264,43126,La Riera De Gaià,1742,41.16671,1.36079,Tarragonès
431037,43103,Perafort,1264,41.19052,1.25601,Tarragonès
431711,43171,Vila-seca,22555,41.10892,1.14577,Tarragonès
431482,43148,Tarragona,136496,41.11888,1.24449,Tarragonès
431114,43111,La Pobla De Montornès,2884,41.17737,1.41509,Tarragonès
430957,43095,El Morell,3742,41.19218,1.20645,Tarragonès
439057,43905,Salou,28526,41.08791,1.15737,Tarragonès
430120,43012,Altafulla,5307,41.14086,1.37769,Tarragonès
430976,43097,La Nou De Gaià,600,41.1829,1.37406,Tarragonès
430430,43043,El Catllar,4557,41.1759,1.32704,Tarragonès
431009,43100,Els Pallaresos,485,41.17528,1.27045,Tarragonès
430477,43047,Constantí,6665,41.15355,1.2126,Tarragonès
431310,43131,Roda de Berà,6785,41.18704,1.46033,Tarragonès
431093,43109,La Pobla De Mafumet,3971,41.18491,1.20999,Tarragonès
431444,43144,La Secuita,1708,41.2038,1.28116,Tarragonès
431649,43164,Vespella de Gaià,417,41.2034,1.35996,Tarragonès
431359,43135,Salomó,549,41.22874,1.37466,Tarragonès
430640,43064,Gandesa,3096,41.05244,0.43727,Terra Alta
430326,43032,Bot,554,41.0092,0.38497,Terra Alta
431107,43110,La Pobla De Massaluca,317,41.18078,0.35336,Terra Alta
430712,43071,Horta de Sant Joan,1146,40.95384,0.31544,Terra Alta
430568,43056,La Fatarella,926,41.16211,0.47368,Terra Alta
430419,43041,Caseres,237,41.03945,0.25115,Terra Alta
430189,43018,Arnes,444,40.91105,0.26142,Terra Alta
430483,43048,Corbera d'Ebre,1003,41.07685,0.4756,Terra Alta
431172,43117,Prat de Comte,177,40.98338,0.40529,Terra Alta
431068,43106,El Pinell De Brai,1008,41.0162,0.51456,Terra Alta
430228,43022,Batea,1901,41.09378,0.31192,Terra Alta
431750,43175,Vilalba dels Arcs,621,41.11991,0.40957,Terra Alta
252173,25217,Tàrrega,17445,41.64808,1.14094,Urgell
251765,25176,Preixana,387,41.60774,1.03827,Urgell
252252,25225,Tornabous,822,41.69984,1.05263,Urgell
252445,25244,Vilagrassa,560,41.64888,1.10593,Urgell
251811,25181,Puigverd d'Agramunt,229,41.77696,1.12151,Urgell
252385,25238,Vallbona de les Monges,243,41.5252,1.08885,Urgell
250463,25046,Belianes,520,41.56053,1.01434,Urgell
251305,25130,Maldà,227,41.55037,1.03861,Urgell
250273,25027,Anglesola,1365,41.65719,1.08376,Urgell
252424,25242,Verdú,902,41.60926,1.1413,Urgell
250962,25096,La Fuliola,125,41.7151,1.01673,Urgell
259025,25902,Sant Martí de Riucorb,639,41.56629,1.06819,Urgell
251543,25154,Els Omells De Na Gaia,130,41.50064,1.07598,Urgell
250707,25070,Castellserà,996,41.74584,0.98744,Urgell
250740,25074,Ciutadilla,208,41.56124,1.1395,Urgell
250030,25003,Agramunt,5411,41.78719,1.09798,Urgell
251095,25109,Guimerà,271,41.56327,1.18511,Urgell
250501,25050,Bellpuig,5218,41.62543,1.01195,Urgell
251575,25157,Ossó de Sió,203,41.75327,1.1584,Urgell
251459,25145,Nalec,90,41.56022,1.11552,Urgell
250254,25025,Naut Aran,1836,42.74282,0.94385,Aran
250595,25059,Bossòst,1115,42.7855,0.69213,Aran
250576,25057,Es Bòrdes,255,42.73772,0.72062,Aran
250313,25031,Arres,60,42.75915,0.71053,Aran
251214,25121,Les,971,42.81161,0.71171,Aran
250637,25063,Canejan,89,42.81224,0.80084,Aran
252477,25247,Vilamòs,178,42.7477,0.72636,Aran
250450,25045,Bausen,60,42.83444,0.71676,Aran
252430,25243,Vielha e Mijaran,5611,42.72456,0.7723,Aran
82671,08267,Sentmenat,9235,41.61301,2.13599,Vallès Occidental
82606,08260,Santa Perpètua de Mogoda,25999,41.53533,2.18215,Vallès Occidental
81803,08180,Ripollet,39179,41.49845,2.15693,Vallès Occidental
82665,08266,Cerdanyola del Vallès,57855,41.49004,2.13967,Vallès Occidental
81799,08179,Rellinars,809,41.6304,1.90351,Vallès Occidental
80543,08054,Castellbisbal,12539,41.48293,1.98693,Vallès Occidental
80517,08051,Castellar del Vallès,24488,41.61723,2.08733,Vallès Occidental
82917,08291,Vacarisses,6832,41.59633,1.92224,Vallès Occidental
82900,08290,Ullastrell,2089,41.52649,1.95575,Vallès Occidental
83008,08300,Viladecavalls,7545,41.55388,1.95272,Vallès Occidental
82520,08252,Barberà del Vallès,33334,41.51362,2.12556,Vallès Occidental
89045,08904,Badia del Vallès,13415,41.50805,2.11529,Vallès Occidental
82798,08279,Terrassa,223627,41.56321,2.00887,Vallès Occidental
82384,08238,Sant Quirze del Vallès,20195,41.53513,2.07767,Vallès Occidental
81672,08167,Polinyà,8504,41.55661,2.15776,Vallès Occidental
81878,08187,Sabadell,21652,41.54627,2.10861,Vallès Occidental
81568,08156,Palau-solità i Plegamans,14892,41.58395,2.18041,Vallès Occidental
81206,08120,Matadepera,9496,41.61442,2.01106,Vallès Occidental
81252,08125,Montcada i Reixac,36803,41.49315,2.18187,Vallès Occidental
81846,08184,Rubí,78591,41.49712,2.03492,Vallès Occidental
82055,08205,Sant Cugat del Vallès,92977,41.47207,2.08652,Vallès Occidental
80879,08087,Gallifa,167,41.69391,2.11519,Vallès Occidental
82233,08223,Sant Llorenç Savall,2417,41.67876,2.05836,Vallès Occidental
81154,08115,Martorelles,482,41.52811,2.2375,Vallès Oriental
80425,08042,Cànoves i Samalús,3156,41.69397,2.35327,Vallès Oriental
81982,08198,Sant Antoni de Vilamajor,6208,41.66106,2.39617,Vallès Oriental
80977,08097,Gualba,1548,41.7319,2.50224,Vallès Oriental
80399,08039,Campins,541,41.72501,2.46396,Vallès Oriental
80057,08005,L' Ametlla Del Vallès,8646,41.66833,2.2605,Vallès Oriental
80462,08046,Cardedeu,18424,41.6394,2.35915,Vallès Oriental
80410,08041,Canovelles,16829,41.61873,2.27705,Vallès Oriental
81347,08134,Figaró-Montmany,1142,41.72082,2.27366,Vallès Oriental
89024,08902,Vilanova del Vallès,5503,41.55245,2.28717,Vallès Oriental
82969,08296,Vallromanes,2558,41.53575,2.29413,Vallès Oriental
82943,08294,Vallgorguina,2988,41.64774,2.5102,Vallès Oriental
80142,08014,Aiguafreda,2512,41.76839,2.25138,Vallès Oriental
81810,08181,La Roca Del Vallès,10754,41.58148,2.32586,Vallès Oriental
80811,08081,Fogars de Montclús,475,41.72749,2.44284,Vallès Oriental
80235,08023,Bigues i Riells del Fai,9358,41.6961,2.20031,Vallès Oriental
81593,08159,Parets del Vallès,19071,41.57311,2.23384,Vallès Oriental
81379,08137,Montseny,351,41.78558,2.39124,Vallès Oriental
80333,08033,Caldes de Montbui,17812,41.63166,2.16687,Vallès Oriental
82021,08202,Sant Celoni,18136,41.68975,2.48925,Vallès Oriental
82592,08259,Santa Maria de Palautordera,963,41.69337,2.44584,Vallès Oriental
82567,08256,Santa Maria de Martorelles,890,41.51892,2.25473,Vallès Oriental
82074,08207,Sant Esteve de Palautordera,2864,41.70629,2.43198,Vallès Oriental
82346,08234,Sant Pere de Vilamajor,4544,41.68319,2.3928,Vallès Oriental
81069,08106,Llinars del Vallès,10018,41.6399,2.40168,Vallès Oriental
81081,08108,Lliçà de Vall,6497,41.58319,2.23966,Vallès Oriental
82482,08248,Santa Eulàlia de Ronçana,7426,41.63707,2.23193,Vallès Oriental
81075,08107,Lliçà d'Amunt,15469,41.60813,2.23966,Vallès Oriental
83067,08306,Vilalba Sasserra,753,41.65205,2.44002,Vallès Oriental
81249,08124,Mollet del Vallès,516,41.54255,2.21137,Vallès Oriental
81056,08105,La Llagosta,13587,41.51386,2.19309,Vallès Oriental
81350,08135,Montmeló,8831,41.55235,2.24775,Vallès Oriental
82093,08209,Sant Fost de Campsentelles,8853,41.51908,2.23369,Vallès Oriental
82107,08210,Sant Feliu de Codines,6363,41.69072,2.1654,Vallès Oriental
80961,08096,Granollers,62419,41.60619,2.28709,Vallès Oriental
80885,08088,La Garriga,16668,41.68287,2.28687,Vallès Oriental
80863,08086,Les Franqueses Del Vallès,20364,41.64783,2.3123,Vallès Oriental
81363,08136,Montornès del Vallès,16644,41.54452,2.26703,Vallès Oriental
82763,08276,Tagamanent,318,41.73915,2.2666,Vallès Oriental
81287,08128,Monistrol de Calders,702,41.75984,2.01446,Moianès
80706,08070,Collsuspina,359,41.82651,2.17511,Moianès
82397,08239,Sant Quirze Safaja,631,41.73061,2.14772,Moianès
80790,08079,L' Estany,408,41.86897,2.11158,Moianès
81385,08138,Moià,6383,41.80995,2.09717,Moianès
82589,08258,Santa Maria d'Oló,1024,41.875,2.03528,Moianès
80641,08064,Castellterçol,2548,41.75032,2.1199,Moianès
80556,08055,Castellcir,742,41.77036,2.15485,Moianès
80348,08034,Calders,1045,41.79004,1.99366,Moianès
80958,08095,Granera,77,41.73037,2.06346,Moianès
